symbol,instrument_key,trading_symbol,series,exchange
VOEPL,NSE_EQ|INE0I0T01010,VOEPL,EQ,NSE
GPTINFRA,NSE_EQ|INE390G01014,GPTINFRA,EQ,NSE
DOLLAR,NSE_EQ|INE325C01035,DOLLAR,EQ,NSE
DOLPHIN,NSE_EQ|INE920A01037,DOLPHIN,EQ,NSE
STEELXIND,NSE_EQ|INE503B01021,STEELXIND,EQ,NSE
GALAPREC,NSE_EQ|INE0RE001014,GALAPREC,EQ,NSE
SHANTIGOLD,NSE_EQ|INE06ZD01017,SHANTIGOLD,EQ,NSE
DSSL,NSE_EQ|INE417B01040,DSSL,EQ,NSE
MMWL,NSE_EQ|INE200D01020,MMWL,BE,NSE
AMRUTANJAN,NSE_EQ|INE098F01031,AMRUTANJAN,EQ,NSE
DIGITIDE,NSE_EQ|INE0U4701011,DIGITIDE,EQ,NSE
WENDT,NSE_EQ|INE274C01019,WENDT,EQ,NSE
RACLGEAR,NSE_EQ|INE704B01017,RACLGEAR,EQ,NSE
BLIL,NSE_EQ|INE525F01025,BLIL,EQ,NSE
ASTEC,NSE_EQ|INE563J01010,ASTEC,EQ,NSE
IFGLEXPOR,NSE_EQ|INE133Y01011,IFGLEXPOR,EQ,NSE
TARSONS,NSE_EQ|INE144Z01023,TARSONS,EQ,NSE
MOTISONS,NSE_EQ|INE0FRK01020,MOTISONS,EQ,NSE
ALLTIME,NSE_EQ|INE0GV601021,ALLTIME,EQ,NSE
WAAREEINDO,NSE_EQ|INE866K01023,WAAREEINDO,EQ,NSE
GTLINFRA,NSE_EQ|INE221H01019,GTLINFRA,EQ,NSE
DLINKINDIA,NSE_EQ|INE250K01012,DLINKINDIA,EQ,NSE
INFOBEAN,NSE_EQ|INE344S01016,INFOBEAN,EQ,NSE
ASALCBR,NSE_EQ|INE073G01016,ASALCBR,EQ,NSE
QUADFUTURE,NSE_EQ|INE0LRY01011,QUADFUTURE,EQ,NSE
IKIO,NSE_EQ|INE0LOJ01019,IKIO,EQ,NSE
PNBGILTS,NSE_EQ|INE859A01011,PNBGILTS,EQ,NSE
SUMMITSEC,NSE_EQ|INE519C01017,SUMMITSEC,EQ,NSE
GARUDA,NSE_EQ|INE0JVO01026,GARUDA,EQ,NSE
IZMO,NSE_EQ|INE848A01014,IZMO,EQ,NSE
FRONTSP,NSE_EQ|INE572D01014,FRONTSP,EQ,NSE
NINSYS,NSE_EQ|INE395U01014,NINSYS,BE,NSE
ACCELYA,NSE_EQ|INE793A01012,ACCELYA,EQ,NSE
IVALUE,NSE_EQ|INE056801025,IVALUE,EQ,NSE
WALCHANNAG,NSE_EQ|INE711A01022,WALCHANNAG,EQ,NSE
UEL,NSE_EQ|INE899L01030,UEL,EQ,NSE
RICOAUTO,NSE_EQ|INE209B01025,RICOAUTO,EQ,NSE
SMCGLOBAL,NSE_EQ|INE103C01036,SMCGLOBAL,EQ,NSE
TBZ,NSE_EQ|INE760L01018,TBZ,EQ,NSE
MCLOUD,NSE_EQ|INE613C01026,MCLOUD,EQ,NSE
YATRA,NSE_EQ|INE0JR601024,YATRA,EQ,NSE
JINDRILL,NSE_EQ|INE742C01031,JINDRILL,EQ,NSE
DISAQ,NSE_EQ|INE131C01011,DISAQ,EQ,NSE
DELTACORP,NSE_EQ|INE124G01033,DELTACORP,EQ,NSE
SIGNPOST,NSE_EQ|INE0KGZ01021,SIGNPOST,EQ,NSE
AURUM,NSE_EQ|INE898S01029,AURUM,EQ,NSE
MOBIKWIK,NSE_EQ|INE0HLU01028,MOBIKWIK,EQ,NSE
SPMLINFRA,NSE_EQ|INE937A01023,SPMLINFRA,EQ,NSE
JGCHEM,NSE_EQ|INE0MB501011,JGCHEM,EQ,NSE
SKMEGGPROD,NSE_EQ|INE411D01023,SKMEGGPROD,EQ,NSE
WINDLAS,NSE_EQ|INE0H5O01029,WINDLAS,EQ,NSE
NAVKARCORP,NSE_EQ|INE278M01019,NAVKARCORP,EQ,NSE
HUHTAMAKI,NSE_EQ|INE275B01026,HUHTAMAKI,EQ,NSE
HITECH,NSE_EQ|INE106T01025,HITECH,EQ,NSE
BLUSPRING,NSE_EQ|INE0U4101014,BLUSPRING,EQ,NSE
OMAXE,NSE_EQ|INE800H01010,OMAXE,EQ,NSE
KRSNAA,NSE_EQ|INE08LI01020,KRSNAA,EQ,NSE
NITTAGELA,NSE_EQ|INE265B01019,NITTAGELA,EQ,NSE
TINNARUBR,NSE_EQ|INE015C01016,TINNARUBR,EQ,NSE
ASIANENE,NSE_EQ|INE276G01015,ASIANENE,EQ,NSE
BFINVEST,NSE_EQ|INE878K01010,BFINVEST,EQ,NSE
TIL,NSE_EQ|INE806C01018,TIL,EQ,NSE
SHK,NSE_EQ|INE500L01026,SHK,EQ,NSE
STUDDS,NSE_EQ|INE00Q601028,STUDDS,EQ,NSE
SHALBY,NSE_EQ|INE597J01018,SHALBY,EQ,NSE
5PAISA,NSE_EQ|INE618L01018,5PAISA,EQ,NSE
MTNL,NSE_EQ|INE153A01019,MTNL,EQ,NSE
IPL,NSE_EQ|INE0D6701023,IPL,EQ,NSE
ALGOQUANT,NSE_EQ|INE598D01035,ALGOQUANT,EQ,NSE
SOLARWORLD,NSE_EQ|INE0TY101024,SOLARWORLD,EQ,NSE
AMIRCHAND,NSE_EQ|INE05TO01019,AMIRCHAND,EQ,NSE
ESAFSFB,NSE_EQ|INE818W01011,ESAFSFB,EQ,NSE
GOCOLORS,NSE_EQ|INE0BJS01011,GOCOLORS,EQ,NSE
MBEL,NSE_EQ|INE08N601015,MBEL,EQ,NSE
GOODYEAR,NSE_EQ|INE533A01012,GOODYEAR,EQ,NSE
VIKRAN,NSE_EQ|INE01R501028,VIKRAN,EQ,NSE
JAICORPLTD,NSE_EQ|INE070D01027,JAICORPLTD,EQ,NSE
DYCL,NSE_EQ|INE600Y01019,DYCL,EQ,NSE
KOTIC,NSE_EQ|INE972A01020,KOTIC,EQ,NSE
CEINSYS,NSE_EQ|INE016Q01014,CEINSYS,EQ,NSE
NGLFINE,NSE_EQ|INE887E01022,NGLFINE,EQ,NSE
MARSONS,NSE_EQ|INE415B01044,MARSONS,EQ,NSE
GRMOVER,NSE_EQ|INE192H01020,GRMOVER,EQ,NSE
CAPACITE,NSE_EQ|INE264T01014,CAPACITE,EQ,NSE
INSECTICID,NSE_EQ|INE070I01018,INSECTICID,EQ,NSE
PFS,NSE_EQ|INE560K01014,PFS,EQ,NSE
KRISHNADEF,NSE_EQ|INE0J5601015,KRISHNADEF,EQ,NSE
JAYBARMARU,NSE_EQ|INE571B01036,JAYBARMARU,EQ,NSE
SCILAL,NSE_EQ|INE0PB301013,SCILAL,EQ,NSE
HATHWAY,NSE_EQ|INE982F01036,HATHWAY,EQ,NSE
BCG,NSE_EQ|INE425B01027,BCG,EQ,NSE
NDRAUTO,NSE_EQ|INE07OG01012,NDRAUTO,EQ,NSE
EIHAHOTELS,NSE_EQ|INE276C01014,EIHAHOTELS,EQ,NSE
SURYODAY,NSE_EQ|INE428Q01011,SURYODAY,EQ,NSE
NELCO,NSE_EQ|INE045B01015,NELCO,EQ,NSE
SAKAR,NSE_EQ|INE732S01012,SAKAR,EQ,NSE
NUCLEUS,NSE_EQ|INE096B01018,NUCLEUS,EQ,NSE
GOCLCORP,NSE_EQ|INE077F01035,GOCLCORP,EQ,NSE
TIRUMALCHM,NSE_EQ|INE338A01024,TIRUMALCHM,EQ,NSE
VIDYAWIRES,NSE_EQ|INE14UN01029,VIDYAWIRES,EQ,NSE
NILKAMAL,NSE_EQ|INE310A01015,NILKAMAL,EQ,NSE
SBC,NSE_EQ|INE04AK01028,SBC,EQ,NSE
HGS,NSE_EQ|INE170I01016,HGS,EQ,NSE
PRABHA,NSE_EQ|INE0I0M01023,PRABHA,EQ,NSE
INDSWFTLAB,NSE_EQ|INE915B01019,INDSWFTLAB,EQ,NSE
SIMPLEXINF,NSE_EQ|INE059B01024,SIMPLEXINF,EQ,NSE
HINDWAREAP,NSE_EQ|INE05AN01011,HINDWAREAP,EQ,NSE
GANDHAR,NSE_EQ|INE717W01049,GANDHAR,EQ,NSE
LANDMARK,NSE_EQ|INE559R01029,LANDMARK,EQ,NSE
THEJO,NSE_EQ|INE121N01019,THEJO,EQ,NSE
ARMANFIN,NSE_EQ|INE109C01017,ARMANFIN,EQ,NSE
HESTERBIO,NSE_EQ|INE782E01017,HESTERBIO,EQ,NSE
BAJEL,NSE_EQ|INE0KQN01018,BAJEL,EQ,NSE
HINDOILEXP,NSE_EQ|INE345A01011,HINDOILEXP,EQ,NSE
GMBREW,NSE_EQ|INE075D01018,GMBREW,EQ,NSE
AWFIS,NSE_EQ|INE108V01019,AWFIS,EQ,NSE
VENKEYS,NSE_EQ|INE398A01010,VENKEYS,EQ,NSE
TECHNVISN,NSE_EQ|INE314H01012,TECHNVISN,EQ,NSE
MSPL,NSE_EQ|INE752G01015,MSPL,EQ,NSE
LAOPALA,NSE_EQ|INE059D01020,LAOPALA,EQ,NSE
MUKANDLTD,NSE_EQ|INE304A01026,MUKANDLTD,EQ,NSE
DCXINDIA,NSE_EQ|INE0KL801015,DCXINDIA,EQ,NSE
INDIANHUME,NSE_EQ|INE323C01030,INDIANHUME,EQ,NSE
BGRENERGY,NSE_EQ|INE661I01014,BGRENERGY,BE,NSE
SOMANYCERA,NSE_EQ|INE355A01028,SOMANYCERA,EQ,NSE
HONDAPOWER,NSE_EQ|INE634A01018,HONDAPOWER,EQ,NSE
CANTABIL,NSE_EQ|INE068L01024,CANTABIL,EQ,NSE
VERANDA,NSE_EQ|INE0IQ001011,VERANDA,EQ,NSE
KPEL,NSE_EQ|INE127T01021,KPEL,EQ,NSE
SHRINGARMS,NSE_EQ|INE1B3L01017,SHRINGARMS,EQ,NSE
KCP,NSE_EQ|INE805C01028,KCP,EQ,NSE
VINDHYATEL,NSE_EQ|INE707A01012,VINDHYATEL,EQ,NSE
PARACABLES,NSE_EQ|INE074B01023,PARACABLES,EQ,NSE
SERVOTECH,NSE_EQ|INE782X01033,SERVOTECH,EQ,NSE
ELCIDIN,NSE_EQ|INE927X01018,ELCIDIN,EQ,NSE
JAYKAY,NSE_EQ|INE903A01025,JAYKAY,EQ,NSE
APOLLOPIPE,NSE_EQ|INE126J01016,APOLLOPIPE,EQ,NSE
TCIEXP,NSE_EQ|INE586V01016,TCIEXP,EQ,NSE
SANSTAR,NSE_EQ|INE08NE01025,SANSTAR,EQ,NSE
COSMOFIRST,NSE_EQ|INE757A01017,COSMOFIRST,EQ,NSE
ORISSAMINE,NSE_EQ|INE725E01024,ORISSAMINE,EQ,NSE
GRANDOAK,NSE_EQ|INE926B01016,GRANDOAK,EQ,NSE
SIRCA,NSE_EQ|INE792Z01011,SIRCA,EQ,NSE
HPL,NSE_EQ|INE495S01016,HPL,EQ,NSE
TAJGVK,NSE_EQ|INE586B01026,TAJGVK,EQ,NSE
BHARATRAS,NSE_EQ|INE838B01021,BHARATRAS,EQ,NSE
JISLJALEQS,NSE_EQ|INE175A01038,JISLJALEQS,EQ,NSE
PRAKASH,NSE_EQ|INE603A01013,PRAKASH,EQ,NSE
ORIENTHOT,NSE_EQ|INE750A01020,ORIENTHOT,EQ,NSE
STYLEBAAZA,NSE_EQ|INE01FR01028,STYLEBAAZA,BE,NSE
TASTYBITE,NSE_EQ|INE488B01017,TASTYBITE,EQ,NSE
BETA,NSE_EQ|INE351Y01019,BETA,EQ,NSE
GSPCROP,NSE_EQ|INE713R01022,GSPCROP,EQ,NSE
ALEMBICLTD,NSE_EQ|INE426A01027,ALEMBICLTD,EQ,NSE
EXICOM,NSE_EQ|INE777F01014,EXICOM,EQ,NSE
GEOJITFSL,NSE_EQ|INE007B01023,GEOJITFSL,EQ,NSE
SUMEETINDS,NSE_EQ|INE235C01036,SUMEETINDS,EQ,NSE
SAGCEM,NSE_EQ|INE229C01021,SAGCEM,EQ,NSE
ADVAIT,NSE_EQ|INE0ALI01010,ADVAIT,EQ,NSE
MOLDTKPAC,NSE_EQ|INE893J01029,MOLDTKPAC,EQ,NSE
PENIND,NSE_EQ|INE932A01024,PENIND,EQ,NSE
INDOCO,NSE_EQ|INE873D01024,INDOCO,EQ,NSE
BFUTILITIE,NSE_EQ|INE243D01012,BFUTILITIE,EQ,NSE
VENUSREM,NSE_EQ|INE411B01019,VENUSREM,BE,NSE
VINCOFE,NSE_EQ|INE498Q01014,VINCOFE,EQ,NSE
ADOR,NSE_EQ|INE045A01017,ADOR,EQ,NSE
EPACK,NSE_EQ|INE0G5901015,EPACK,EQ,NSE
BRIGHOTEL,NSE_EQ|INE03NU01014,BRIGHOTEL,EQ,NSE
TEAMLEASE,NSE_EQ|INE985S01024,TEAMLEASE,EQ,NSE
KICL,NSE_EQ|INE029L01018,KICL,EQ,NSE
KNACK,NSE_EQ|INE17QZ01016,KNACK,EQ,NSE
CAMLINFINE,NSE_EQ|INE052I01032,CAMLINFINE,EQ,NSE
NIBE,NSE_EQ|INE149O01018,NIBE,EQ,NSE
PROTEAN,NSE_EQ|INE004A01022,PROTEAN,EQ,NSE
DRAGARWQ,NSE_EQ|INE934C01018,DRAGARWQ,EQ,NSE
EMSLIMITED,NSE_EQ|INE0OV601013,EMSLIMITED,EQ,NSE
SAKSOFT,NSE_EQ|INE667G01023,SAKSOFT,EQ,NSE
SUNDROP,NSE_EQ|INE209A01019,SUNDROP,EQ,NSE
SPANDANA,NSE_EQ|INE572J01011,SPANDANA,EQ,NSE
BLSE,NSE_EQ|INE0NLT01010,BLSE,EQ,NSE
RHETAN,NSE_EQ|INE0KKN01029,RHETAN,EQ,NSE
STALLION,NSE_EQ|INE0RYC01010,STALLION,EQ,NSE
TALBROAUTO,NSE_EQ|INE187D01029,TALBROAUTO,EQ,NSE
SIKA,NSE_EQ|INE438E01032,SIKA,EQ,NSE
GREENPANEL,NSE_EQ|INE08ZM01014,GREENPANEL,EQ,NSE
SILVERTUC,NSE_EQ|INE625X01026,SILVERTUC,EQ,NSE
RANEHOLDIN,NSE_EQ|INE384A01010,RANEHOLDIN,EQ,NSE
EPACKPEB,NSE_EQ|INE0MLS01022,EPACKPEB,EQ,NSE
CONFIPET,NSE_EQ|INE552D01024,CONFIPET,EQ,NSE
MUFIN,NSE_EQ|INE08KJ01020,MUFIN,EQ,NSE
PIXTRANS,NSE_EQ|INE751B01018,PIXTRANS,EQ,NSE
VIMTALABS,NSE_EQ|INE579C01029,VIMTALABS,EQ,NSE
REPCOHOME,NSE_EQ|INE612J01015,REPCOHOME,EQ,NSE
RAJRATAN,NSE_EQ|INE451D01029,RAJRATAN,EQ,NSE
VEEDOL,NSE_EQ|INE484C01030,VEEDOL,EQ,NSE
SPORTKING,NSE_EQ|INE885H01029,SPORTKING,EQ,NSE
MMFL,NSE_EQ|INE227C01017,MMFL,EQ,NSE
FISCHER,NSE_EQ|INE771F01041,FISCHER,EQ,NSE
SAIPARENT,NSE_EQ|INE0H9F01037,SAIPARENT,EQ,NSE
GNA,NSE_EQ|INE934S01014,GNA,EQ,NSE
GIPCL,NSE_EQ|INE162A01010,GIPCL,EQ,NSE
AJMERA,NSE_EQ|INE298G01035,AJMERA,EQ,NSE
RISHABH,NSE_EQ|INE0N2P01017,RISHABH,EQ,NSE
INA,NSE_EQ|INE0LGX01024,INA,EQ,NSE
ARKADE,NSE_EQ|INE0QRL01017,ARKADE,EQ,NSE
STOVEKRAFT,NSE_EQ|INE00IN01015,STOVEKRAFT,EQ,NSE
EVEREADY,NSE_EQ|INE128A01029,EVEREADY,EQ,NSE
PANAMAPET,NSE_EQ|INE305C01029,PANAMAPET,EQ,NSE
BOMDYEING,NSE_EQ|INE032A01023,BOMDYEING,EQ,NSE
KIRIINDUS,NSE_EQ|INE415I01015,KIRIINDUS,EQ,NSE
SPAL,NSE_EQ|INE212I01016,SPAL,EQ,NSE
MEDIASSIST,NSE_EQ|INE456Z01021,MEDIASSIST,EQ,NSE
UTKARSHBNK,NSE_EQ|INE735W01017,UTKARSHBNK,EQ,NSE
MARATHON,NSE_EQ|INE182D01020,MARATHON,EQ,NSE
IMAGICAA,NSE_EQ|INE172N01012,IMAGICAA,EQ,NSE
MANGLMCEM,NSE_EQ|INE347A01017,MANGLMCEM,EQ,NSE
NITCO,NSE_EQ|INE858F01012,NITCO,EQ,NSE
FLAIR,NSE_EQ|INE00Y201027,FLAIR,EQ,NSE
EASEMYTRIP,NSE_EQ|INE07O001026,EASEMYTRIP,EQ,NSE
RAMKY,NSE_EQ|INE874I01013,RAMKY,EQ,NSE
BEPL,NSE_EQ|INE922A01025,BEPL,EQ,NSE
INDNIPPON,NSE_EQ|INE092B01025,INDNIPPON,EQ,NSE
FMGOETZE,NSE_EQ|INE529A01010,FMGOETZE,EQ,NSE
PARKHOTELS,NSE_EQ|INE988S01028,PARKHOTELS,EQ,NSE
ARVSMART,NSE_EQ|INE034S01021,ARVSMART,EQ,NSE
SOLARA,NSE_EQ|INE624Z01016,SOLARA,EQ,NSE
NOCIL,NSE_EQ|INE163A01018,NOCIL,EQ,NSE
NSIL,NSE_EQ|INE023A01030,NSIL,EQ,NSE
BNAGROCHEM,NSE_EQ|INE00HZ01011,BNAGROCHEM,BE,NSE
JNKINDIA,NSE_EQ|INE0OAF01028,JNKINDIA,EQ,NSE
AUTOAXLES,NSE_EQ|INE449A01011,AUTOAXLES,EQ,NSE
ELITECON,NSE_EQ|INE669R01026,ELITECON,EQ,NSE
GKENERGY,NSE_EQ|INE1AG301022,GKENERGY,EQ,NSE
APCOTEXIND,NSE_EQ|INE116A01032,APCOTEXIND,EQ,NSE
ORIENTCEM,NSE_EQ|INE876N01018,ORIENTCEM,EQ,NSE
ZAGGLE,NSE_EQ|INE07K301024,ZAGGLE,EQ,NSE
DIAMONDYD,NSE_EQ|INE393P01035,DIAMONDYD,EQ,NSE
PARAGMILK,NSE_EQ|INE883N01014,PARAGMILK,EQ,NSE
EFCIL,NSE_EQ|INE886D01026,EFCIL,EQ,NSE
SIYSIL,NSE_EQ|INE076B01028,SIYSIL,EQ,NSE
GLOBUSSPR,NSE_EQ|INE615I01010,GLOBUSSPR,EQ,NSE
MONARCH,NSE_EQ|INE903D01011,MONARCH,EQ,NSE
DREDGECORP,NSE_EQ|INE506A01018,DREDGECORP,EQ,NSE
HUBTOWN,NSE_EQ|INE703H01016,HUBTOWN,EQ,NSE
HIKAL,NSE_EQ|INE475B01022,HIKAL,EQ,NSE
VSSL,NSE_EQ|INE050M01012,VSSL,EQ,NSE
UFBL,NSE_EQ|INE382M01027,UFBL,EQ,NSE
ANTELOPUS,NSE_EQ|INE818A01017,ANTELOPUS,EQ,NSE
DIVGIITTS,NSE_EQ|INE753U01022,DIVGIITTS,EQ,NSE
BOROLTD,NSE_EQ|INE02PY01013,BOROLTD,EQ,NSE
INDOTHAI,NSE_EQ|INE337M01021,INDOTHAI,EQ,NSE
KPL,NSE_EQ|INE552U01010,KPL,EQ,NSE
JTLIND,NSE_EQ|INE391J01032,JTLIND,EQ,NSE
ASHIKA,NSE_EQ|INE094B01013,ASHIKA,EQ,NSE
SATIN,NSE_EQ|INE836B01017,SATIN,EQ,NSE
RPSGVENT,NSE_EQ|INE425Y01011,RPSGVENT,EQ,NSE
DALMIASUG,NSE_EQ|INE495A01022,DALMIASUG,EQ,NSE
GATEWAY,NSE_EQ|INE079J01017,GATEWAY,EQ,NSE
MAITHANALL,NSE_EQ|INE683C01011,MAITHANALL,EQ,NSE
ELPROINTL,NSE_EQ|INE579B01039,ELPROINTL,EQ,NSE
TCPLPACK,NSE_EQ|INE822C01015,TCPLPACK,EQ,NSE
DDEVPLSTIK,NSE_EQ|INE0HR601026,DDEVPLSTIK,EQ,NSE
PRINCEPIPE,NSE_EQ|INE689W01016,PRINCEPIPE,EQ,NSE
JINDALPOLY,NSE_EQ|INE197D01010,JINDALPOLY,EQ,NSE
WONDERLA,NSE_EQ|INE066O01014,WONDERLA,EQ,NSE
SASKEN,NSE_EQ|INE231F01020,SASKEN,EQ,NSE
RSYSTEMS,NSE_EQ|INE411H01032,RSYSTEMS,EQ,NSE
PATELENG,NSE_EQ|INE244B01030,PATELENG,EQ,NSE
ROSSARI,NSE_EQ|INE02A801020,ROSSARI,EQ,NSE
BUILDPRO,NSE_EQ|INE24OJ01011,BUILDPRO,EQ,NSE
KITEX,NSE_EQ|INE602G01020,KITEX,EQ,NSE
DPABHUSHAN,NSE_EQ|INE266Y01019,DPABHUSHAN,EQ,NSE
JUBLCPL,NSE_EQ|INE03CC01015,JUBLCPL,EQ,NSE
HLEGLAS,NSE_EQ|INE461D01028,HLEGLAS,EQ,NSE
DEEPINDS,NSE_EQ|INE0FHS01024,DEEPINDS,EQ,NSE
BALMLAWRIE,NSE_EQ|INE164A01016,BALMLAWRIE,EQ,NSE
DCAL,NSE_EQ|INE385W01011,DCAL,EQ,NSE
BBL,NSE_EQ|INE464A01036,BBL,EQ,NSE
SUNCLAY,NSE_EQ|INE0Q3R01026,SUNCLAY,EQ,NSE
STEELCAS,NSE_EQ|INE124E01038,STEELCAS,EQ,NSE
NITINSPIN,NSE_EQ|INE229H01012,NITINSPIN,EQ,NSE
POKARNA,NSE_EQ|INE637C01025,POKARNA,EQ,NSE
SPECTRUM,NSE_EQ|INE01EO01010,SPECTRUM,EQ,NSE
HERITGFOOD,NSE_EQ|INE978A01027,HERITGFOOD,EQ,NSE
RAMCOSYS,NSE_EQ|INE246B01019,RAMCOSYS,EQ,NSE
KKCL,NSE_EQ|INE401H01017,KKCL,EQ,NSE
INTERARCH,NSE_EQ|INE00M901018,INTERARCH,EQ,NSE
CHEMPLASTS,NSE_EQ|INE488A01050,CHEMPLASTS,EQ,NSE
RAMCOIND,NSE_EQ|INE614A01028,RAMCOIND,EQ,NSE
UNIPARTS,NSE_EQ|INE244O01017,UNIPARTS,EQ,NSE
UFLEX,NSE_EQ|INE516A01017,UFLEX,EQ,NSE
SANGAMIND,NSE_EQ|INE495C01010,SANGAMIND,EQ,NSE
EUROPRATIK,NSE_EQ|INE198501012,EUROPRATIK,EQ,NSE
WINDMACHIN,NSE_EQ|INE052A01021,WINDMACHIN,EQ,NSE
GANECOS,NSE_EQ|INE845D01014,GANECOS,EQ,NSE
63MOONS,NSE_EQ|INE111B01023,63MOONS,EQ,NSE
JINDWORLD,NSE_EQ|INE247D01039,JINDWORLD,EQ,NSE
FILATEX,NSE_EQ|INE816B01035,FILATEX,EQ,NSE
TVSSRICHAK,NSE_EQ|INE421C01016,TVSSRICHAK,EQ,NSE
CARRARO,NSE_EQ|INE0V7W01012,CARRARO,EQ,NSE
XPROINDIA,NSE_EQ|INE445C01015,XPROINDIA,EQ,NSE
SEIL,NSE_EQ|INE440T01028,SEIL,EQ,NSE
NIITMTS,NSE_EQ|INE342G01023,NIITMTS,EQ,NSE
CRIZAC,NSE_EQ|INE0S4R01014,CRIZAC,EQ,NSE
NAVNETEDUL,NSE_EQ|INE060A01024,NAVNETEDUL,EQ,NSE
TATVA,NSE_EQ|INE0GK401011,TATVA,EQ,NSE
JASH,NSE_EQ|INE039O01029,JASH,EQ,NSE
GOPAL,NSE_EQ|INE0L9R01028,GOPAL,EQ,NSE
SHANTIGEAR,NSE_EQ|INE631A01022,SHANTIGEAR,EQ,NSE
ADFFOODS,NSE_EQ|INE982B01027,ADFFOODS,EQ,NSE
MOREPENLAB,NSE_EQ|INE083A01026,MOREPENLAB,EQ,NSE
POLYPLEX,NSE_EQ|INE633B01018,POLYPLEX,EQ,NSE
KOLTEPATIL,NSE_EQ|INE094I01018,KOLTEPATIL,EQ,NSE
NPST,NSE_EQ|INE0FFK01017,NPST,EQ,NSE
RML,NSE_EQ|INE050H01012,RML,EQ,NSE
INDRAMEDCO,NSE_EQ|INE681B01017,INDRAMEDCO,EQ,NSE
ARSSBL,NSE_EQ|INE549H01021,ARSSBL,EQ,NSE
PANACEABIO,NSE_EQ|INE922B01023,PANACEABIO,EQ,NSE
TARC,NSE_EQ|INE0EK901012,TARC,EQ,NSE
WSTCSTPAPR,NSE_EQ|INE976A01021,WSTCSTPAPR,EQ,NSE
RELTD,NSE_EQ|INE206N01018,RELTD,EQ,NSE
CARYSIL,NSE_EQ|INE482D01024,CARYSIL,EQ,NSE
KNRCON,NSE_EQ|INE634I01029,KNRCON,EQ,NSE
MPSLTD,NSE_EQ|INE943D01017,MPSLTD,EQ,NSE
SAMBHV,NSE_EQ|INE12NJ01018,SAMBHV,EQ,NSE
GRAUWEIL,NSE_EQ|INE266D01021,GRAUWEIL,EQ,NSE
WELSPLSOL,NSE_EQ|INE731F01037,WELSPLSOL,EQ,NSE
KERNEX,NSE_EQ|INE202H01019,KERNEX,EQ,NSE
MARINE,NSE_EQ|INE01JE01028,MARINE,EQ,NSE
ASHOKA,NSE_EQ|INE442H01029,ASHOKA,EQ,NSE
PITTIENG,NSE_EQ|INE450D01021,PITTIENG,EQ,NSE
MAYURUNIQ,NSE_EQ|INE040D01038,MAYURUNIQ,EQ,NSE
PREMEXPLN,NSE_EQ|INE863B01029,PREMEXPLN,EQ,NSE
ROUTE,NSE_EQ|INE450U01017,ROUTE,EQ,NSE
BHAGCHEM,NSE_EQ|INE414D01027,BHAGCHEM,EQ,NSE
NFL,NSE_EQ|INE870D01012,NFL,EQ,NSE
INDIQUBE,NSE_EQ|INE06ST01018,INDIQUBE,EQ,NSE
SEAMECLTD,NSE_EQ|INE497B01018,SEAMECLTD,EQ,NSE
TRUALT,NSE_EQ|INE0MWH01014,TRUALT,EQ,NSE
HEIDELBERG,NSE_EQ|INE578A01017,HEIDELBERG,EQ,NSE
SMSPHARMA,NSE_EQ|INE812G01025,SMSPHARMA,EQ,NSE
HGINFRA,NSE_EQ|INE926X01010,HGINFRA,EQ,NSE
WHEELS,NSE_EQ|INE715A01015,WHEELS,EQ,NSE
YASHO,NSE_EQ|INE616Z01012,YASHO,EQ,NSE
GMMPFAUDLR,NSE_EQ|INE541A01023,GMMPFAUDLR,EQ,NSE
ADVENZYMES,NSE_EQ|INE837H01020,ADVENZYMES,EQ,NSE
FUSION,NSE_EQ|INE139R01012,FUSION,EQ,NSE
INDOTECH,NSE_EQ|INE332H01014,INDOTECH,BE,NSE
LASERPOWER,NSE_EQ|INE17IR01028,LASERPOWER,EQ,NSE
ORIENTELEC,NSE_EQ|INE142Z01019,ORIENTELEC,EQ,NSE
JKIL,NSE_EQ|INE576I01022,JKIL,EQ,NSE
SANDHAR,NSE_EQ|INE278H01035,SANDHAR,EQ,NSE
SANGHVIMOV,NSE_EQ|INE989A01032,SANGHVIMOV,EQ,NSE
EMUDHRA,NSE_EQ|INE01QM01018,EMUDHRA,EQ,NSE
SHAREINDIA,NSE_EQ|INE932X01026,SHAREINDIA,EQ,NSE
DBCORP,NSE_EQ|INE950I01011,DBCORP,EQ,NSE
VENUSPIPES,NSE_EQ|INE0JA001018,VENUSPIPES,EQ,NSE
SAMHI,NSE_EQ|INE08U801020,SAMHI,EQ,NSE
SANATHAN,NSE_EQ|INE0JPD01013,SANATHAN,EQ,NSE
ASHIANA,NSE_EQ|INE365D01021,ASHIANA,EQ,NSE
SINDHUTRAD,NSE_EQ|INE325D01025,SINDHUTRAD,EQ,NSE
ROSSTECH,NSE_EQ|INE0OJW01016,ROSSTECH,EQ,NSE
AARTIDRUGS,NSE_EQ|INE767A01016,AARTIDRUGS,EQ,NSE
FOSECOIND,NSE_EQ|INE519A01011,FOSECOIND,EQ,NSE
MAHLOG,NSE_EQ|INE766P01016,MAHLOG,EQ,NSE
JTEKTINDIA,NSE_EQ|INE643A01035,JTEKTINDIA,EQ,NSE
TFCILTD,NSE_EQ|INE305A01023,TFCILTD,EQ,NSE
LUXIND,NSE_EQ|INE150G01020,LUXIND,EQ,NSE
BAJAJELEC,NSE_EQ|INE193E01025,BAJAJELEC,EQ,NSE
HARSHA,NSE_EQ|INE0JUS01029,HARSHA,EQ,NSE
HEMIPROP,NSE_EQ|INE0AJG01018,HEMIPROP,EQ,NSE
GUFICBIO,NSE_EQ|INE742B01025,GUFICBIO,EQ,NSE
STYRENIX,NSE_EQ|INE189B01011,STYRENIX,EQ,NSE
NOVARTIND,NSE_EQ|INE234A01025,NOVARTIND,EQ,NSE
CAPILLARY,NSE_EQ|INE0ILV01024,CAPILLARY,EQ,NSE
DECNGOLD,NSE_EQ|INE945F01025,DECNGOLD,EQ,NSE
RAMRAT,NSE_EQ|INE207E01023,RAMRAT,EQ,NSE
SOTL,NSE_EQ|INE035D01020,SOTL,EQ,NSE
EIEL,NSE_EQ|INE0LLY01014,EIEL,EQ,NSE
VSTTILLERS,NSE_EQ|INE764D01017,VSTTILLERS,EQ,NSE
RBA,NSE_EQ|INE07T201019,RBA,EQ,NSE
VSTIND,NSE_EQ|INE710A01016,VSTIND,EQ,NSE
GREENPLY,NSE_EQ|INE461C01038,GREENPLY,EQ,NSE
KDDL,NSE_EQ|INE291D01011,KDDL,EQ,NSE
GHCL,NSE_EQ|INE539A01019,GHCL,EQ,NSE
KSL,NSE_EQ|INE907A01026,KSL,EQ,NSE
VRLLOG,NSE_EQ|INE366I01010,VRLLOG,EQ,NSE
GUJTHEM,NSE_EQ|INE942C01045,GUJTHEM,EQ,NSE
TURTLEMINT,NSE_EQ|INE0OC301013,TURTLEMINT,EQ,NSE
MANINDS,NSE_EQ|INE993A01026,MANINDS,EQ,NSE
NRBBEARING,NSE_EQ|INE349A01021,NRBBEARING,EQ,NSE
RAYMOND,NSE_EQ|INE301A01014,RAYMOND,EQ,NSE
BAJAJHIND,NSE_EQ|INE306A01021,BAJAJHIND,EQ,NSE
AYE,NSE_EQ|INE501X01029,AYE,EQ,NSE
MANINFRA,NSE_EQ|INE949H01023,MANINFRA,EQ,NSE
KIRLOSIND,NSE_EQ|INE250A01039,KIRLOSIND,EQ,NSE
UNIVCABLES,NSE_EQ|INE279A01012,UNIVCABLES,EQ,NSE
MUTHOOTMF,NSE_EQ|INE046W01019,MUTHOOTMF,EQ,NSE
ELLEN,NSE_EQ|INE236E01022,ELLEN,EQ,NSE
SBCL,NSE_EQ|INE386D01027,SBCL,EQ,NSE
VISHNU,NSE_EQ|INE270I01022,VISHNU,EQ,NSE
SSWL,NSE_EQ|INE802C01033,SSWL,EQ,NSE
AGIIL,NSE_EQ|INE976R01033,AGIIL,EQ,NSE
POCL,NSE_EQ|INE063E01061,POCL,EQ,NSE
VIPIND,NSE_EQ|INE054A01027,VIPIND,EQ,NSE
ROLEXRINGS,NSE_EQ|INE645S01024,ROLEXRINGS,EQ,NSE
VAIBHAVGBL,NSE_EQ|INE884A01027,VAIBHAVGBL,EQ,NSE
PSPPROJECT,NSE_EQ|INE488V01015,PSPPROJECT,EQ,NSE
IDEAFORGE,NSE_EQ|INE349Y01013,IDEAFORGE,BE,NSE
SGFIN,NSE_EQ|INE618R01015,SGFIN,EQ,NSE
UNICHEMLAB,NSE_EQ|INE351A01035,UNICHEMLAB,EQ,NSE
KSCL,NSE_EQ|INE455I01029,KSCL,EQ,NSE
BANARISUG,NSE_EQ|INE459A01010,BANARISUG,EQ,NSE
WEBELSOLAR,NSE_EQ|INE855C01023,WEBELSOLAR,EQ,NSE
ANUP,NSE_EQ|INE294Z01018,ANUP,EQ,NSE
GUJALKALI,NSE_EQ|INE186A01019,GUJALKALI,EQ,NSE
WAKEFIT,NSE_EQ|INE0E7301029,WAKEFIT,EQ,NSE
JUNIPER,NSE_EQ|INE696F01016,JUNIPER,EQ,NSE
KRISHANA,NSE_EQ|INE506W01020,KRISHANA,EQ,NSE
REFEX,NSE_EQ|INE056I01025,REFEX,EQ,NSE
ARTEMISMED,NSE_EQ|INE025R01021,ARTEMISMED,EQ,NSE
QUESS,NSE_EQ|INE615P01015,QUESS,EQ,NSE
INDOSTAR,NSE_EQ|INE896L01010,INDOSTAR,EQ,NSE
CMSINFO,NSE_EQ|INE925R01014,CMSINFO,EQ,NSE
SHOPERSTOP,NSE_EQ|INE498B01024,SHOPERSTOP,EQ,NSE
WPIL,NSE_EQ|INE765D01022,WPIL,EQ,NSE
RAYMONDLSL,NSE_EQ|INE02ID01020,RAYMONDLSL,EQ,NSE
HIRECT,NSE_EQ|INE835D01023,HIRECT,EQ,NSE
RTNINDIA,NSE_EQ|INE834M01019,RTNINDIA,EQ,NSE
PACEDIGITK,NSE_EQ|INE0S3G01027,PACEDIGITK,EQ,NSE
FCL,NSE_EQ|INE045J01034,FCL,EQ,NSE
MSTCLTD,NSE_EQ|INE255X01014,MSTCLTD,EQ,NSE
SWARAJENG,NSE_EQ|INE277A01016,SWARAJENG,EQ,NSE
AGI,NSE_EQ|INE415A01038,AGI,EQ,NSE
SUNTECK,NSE_EQ|INE805D01034,SUNTECK,EQ,NSE
COCKERILL,NSE_EQ|INE515A01019,COCKERILL,EQ,NSE
RALLIS,NSE_EQ|INE613A01020,RALLIS,EQ,NSE
AVANTEL,NSE_EQ|INE005B01027,AVANTEL,EQ,NSE
OSWALPUMPS,NSE_EQ|INE0BYP01024,OSWALPUMPS,EQ,NSE
EPIGRAL,NSE_EQ|INE071N01016,EPIGRAL,EQ,NSE
DHANUKA,NSE_EQ|INE435G01025,DHANUKA,EQ,NSE
MHRIL,NSE_EQ|INE998I01010,MHRIL,EQ,NSE
ELECTCAST,NSE_EQ|INE086A01029,ELECTCAST,EQ,NSE
RAYMONDREL,NSE_EQ|INE1SY401010,RAYMONDREL,EQ,NSE
CYIENTDLM,NSE_EQ|INE055S01018,CYIENTDLM,EQ,NSE
NETWORK18,NSE_EQ|INE870H01013,NETWORK18,EQ,NSE
AURIONPRO,NSE_EQ|INE132H01018,AURIONPRO,EQ,NSE
MIDWESTLTD,NSE_EQ|INE0XAD01024,MIDWESTLTD,EQ,NSE
RTNPOWER,NSE_EQ|INE399K01017,RTNPOWER,EQ,NSE
LXCHEM,NSE_EQ|INE576O01020,LXCHEM,EQ,NSE
ZOTA,NSE_EQ|INE358U01012,ZOTA,EQ,NSE
HAWKINCOOK,NSE_EQ|INE979B01015,HAWKINCOOK,EQ,NSE
TEXRAIL,NSE_EQ|INE621L01012,TEXRAIL,EQ,NSE
RENUKA,NSE_EQ|INE087H01022,RENUKA,EQ,NSE
SYMPHONY,NSE_EQ|INE225D01027,SYMPHONY,EQ,NSE
IOLCP,NSE_EQ|INE485C01029,IOLCP,EQ,NSE
MOSCHIP,NSE_EQ|INE935B01025,MOSCHIP,EQ,NSE
RPGLIFE,NSE_EQ|INE105J01010,RPGLIFE,EQ,NSE
DEEDEV,NSE_EQ|INE841L01016,DEEDEV,BE,NSE
CMRGREEN,NSE_EQ|INE00WV01027,CMRGREEN,EQ,NSE
PILANIINVS,NSE_EQ|INE417C01014,PILANIINVS,EQ,NSE
VADILALIND,NSE_EQ|INE694D01016,VADILALIND,EQ,NSE
THOMASCOOK,NSE_EQ|INE332A01027,THOMASCOOK,EQ,NSE
BANSALWIRE,NSE_EQ|INE0B9K01025,BANSALWIRE,EQ,NSE
LUMAXIND,NSE_EQ|INE162B01018,LUMAXIND,EQ,NSE
SHARDAMOTR,NSE_EQ|INE597I01028,SHARDAMOTR,EQ,NSE
UGROCAP,NSE_EQ|INE583D01011,UGROCAP,EQ,NSE
GNRL,NSE_EQ|INE207H01018,GNRL,EQ,NSE
VIDHIING,NSE_EQ|INE632C01026,VIDHIING,EQ,NSE
RPTECH,NSE_EQ|INE0J1F01024,RPTECH,EQ,NSE
NORTHARC,NSE_EQ|INE850M01015,NORTHARC,EQ,NSE
LGBBROSLTD,NSE_EQ|INE337A01034,LGBBROSLTD,EQ,NSE
EMIL,NSE_EQ|INE02YR01019,EMIL,EQ,NSE
NACLIND,NSE_EQ|INE295D01020,NACLIND,EQ,NSE
BOSCH-HCIL,NSE_EQ|INE782A01015,BOSCH-HCIL,EQ,NSE
KLBRENG-B,NSE_EQ|INE338F01015,KLBRENG-B,EQ,NSE
SAMBHAAV,NSE_EQ|INE699B01027,SAMBHAAV,EQ,NSE
SINTERCOM,NSE_EQ|INE129Z01016,SINTERCOM,EQ,NSE
RELINFRA,NSE_EQ|INE036A01016,RELINFRA,BE,NSE
SHRIRAMPPS,NSE_EQ|INE217L01019,SHRIRAMPPS,EQ,NSE
INDOBORAX,NSE_EQ|INE803D01021,INDOBORAX,EQ,NSE
SDBL,NSE_EQ|INE480C01038,SDBL,EQ,NSE
AEROPLANE,NSE_EQ|INE05TO01019,AEROPLANE,EQ,NSE
DATAMATICS,NSE_EQ|INE365B01017,DATAMATICS,EQ,NSE
GULFOILLUB,NSE_EQ|INE635Q01029,GULFOILLUB,EQ,NSE
BLISSGVS,NSE_EQ|INE416D01022,BLISSGVS,BE,NSE
RESPONIND,NSE_EQ|INE688D01026,RESPONIND,EQ,NSE
SWSOLAR,NSE_EQ|INE00M201021,SWSOLAR,EQ,NSE
SHILCTECH,NSE_EQ|INE024F01011,SHILCTECH,EQ,NSE
ICRA,NSE_EQ|INE725G01011,ICRA,EQ,NSE
PTC,NSE_EQ|INE877F01012,PTC,EQ,NSE
ARFIN,NSE_EQ|INE784R01023,ARFIN,EQ,NSE
ASIANTILES,NSE_EQ|INE022I01019,ASIANTILES,EQ,NSE
ORCHPHARMA,NSE_EQ|INE191A01027,ORCHPHARMA,EQ,NSE
PDSL,NSE_EQ|INE111Q01021,PDSL,EQ,NSE
INDIGOPNTS,NSE_EQ|INE09VQ01012,INDIGOPNTS,EQ,NSE
